produccion_gas_natural_total,produccion_gas,cuenca_produccion_gas_natural_cuenca_austral,cuenca_produccion_gas_natural_cuenca_cuyana,cuenca_produccion_gas_natural_cuenca_gsj,cuenca_produccion_gas_natural_cuenca_neuquina,cuenca_produccion_gas_natural_cuenca_noroeste
3540196.8855,885167.3714,1,0,0,0,0
3191664.5172,793800.6656,1,0,0,0,0
3477941.0797,879715.0346,1,0,0,0,0
3256041.4563,740749.0121,1,0,0,0,0
3543986.5352,880061.9141,1,0,0,0,0
3434195.7948,848265.7895,1,0,0,0,0
3574370.843,882226.6256,1,0,0,0,0
3558880.6232,859558.3476,1,0,0,0,0
3457725.7426,833190.2608,1,0,0,0,0
3483535.8517,785702.1865,1,0,0,0,0
3419441.5123,804764.9916,1,0,0,0,0
3549082.2995,823253.7712,1,0,0,0,0
3595411.7676,843560.7454,1,0,0,0,0
3229384.8153,730664.9453,1,0,0,0,0
3612215.2068,818581.1962,1,0,0,0,0
3515652.4708,801951.7498,1,0,0,0,0
3669759.3102,854131.9181,1,0,0,0,0
3540088.7947,812847.9511,1,0,0,0,0
3637092.8331,805049.17,1,0,0,0,0
3715738.5944,842631.2114,1,0,0,0,0
3535013.9544,776442.88,1,0,0,0,0
3708454.3942,859084.7027,1,0,0,0,0
3556911.4898,808550.0619,1,0,0,0,0
3587276.7592,700013.0843,1,0,0,0,0
3711353.0749,831425.4295,1,0,0,0,0
3483502.5681,781048.0628,1,0,0,0,0
3782028.7958,871847.7293,1,0,0,0,0
3687578.9877,896878.3892,1,0,0,0,0
3852549.9407,909650.8285,1,0,0,0,0
3721524.8138,892482.5643,1,0,0,0,0
3894415.6663,937312.8379,1,0,0,0,0
3870650.3573,935667.1203,1,0,0,0,0
3719851.8787,901979.6686,1,0,0,0,0
3863078.6613,920392.748,1,0,0,0,0
3637056.0731,835128.7551,1,0,0,0,0
3764330.6639,878217.2212,1,0,0,0,0
3815996.8983,910261.2793,1,0,0,0,0
3273889.2438,652088.5484,1,0,0,0,0
3788823.2969,916305.226,1,0,0,0,0
3698604.1467,890076.9236,1,0,0,0,0
3785410.7631,876745.0849,1,0,0,0,0
3668775.516,879096.8291,1,0,0,0,0
3825200.1362,932777.1635,1,0,0,0,0
3838502.1784,931474.7163,1,0,0,0,0
3727261.1906,890732.5602,1,0,0,0,0
3847171.183,964437.817,1,0,0,0,0
3556408.6461,871092.4327,1,0,0,0,0
3794734.1028,966965.659,1,0,0,0,0
3845395.7151,971348.8593,1,0,0,0,0
3495493.4303,840996.8234,1,0,0,0,0
3901910.4606,945715.6674,1,0,0,0,0
3877470.2839,957017.6847,1,0,0,0,0
3945485.4795,995247.8307,1,0,0,0,0
3966887.6913,987577.0035,1,0,0,0,0
4096363.7705,1028396.5852,1,0,0,0,0
4147977.1529,1036868.6823,1,0,0,0,0
3954011.5223,985353.3949,1,0,0,0,0
4103313.8493,1025904.9509,1,0,0,0,0
3696890.7025,763919.8696,1,0,0,0,0
3990367.3806,983091.9956,1,0,0,0,0
4000200.0774,966655.7903,1,0,0,0,0
3770586.3341,891634.8423,1,0,0,0,0
4014110.5733,998957.6042,1,0,0,0,0
3948838.2895,970570.9347,1,0,0,0,0
4245784.3515,1054441.4503,1,0,0,0,0
4199866.064,1022900.3939,1,0,0,0,0
4476980.7069,1087216.7938,1,0,0,0,0
4477110.1681,1083213.6055,1,0,0,0,0
4138301.5574,1025426.5698,1,0,0,0,0
4336931.5435,1049175.6386,1,0,0,0,0
3809542.8392,933831.9262,1,0,0,0,0
3932837.7832,956701.7568,1,0,0,0,0
4037202.2529,973515.7046,1,0,0,0,0
3703770.4612,901000.7085,1,0,0,0,0
3925264.1268,967785.5815,1,0,0,0,0
3502211.748,881554.3128,1,0,0,0,0
3858610.254,1013028.7894,1,0,0,0,0
3780658.4149,981983.2898,1,0,0,0,0
3931669.5227,998305.9558,1,0,0,0,0
3895558.8723,985009.3426,1,0,0,0,0
3685327.0507,957441.9468,1,0,0,0,0
3778039.7528,994037.0007,1,0,0,0,0
3471571.8164,932467.9041,1,0,0,0,0
3529778.4583,948700.7691,1,0,0,0,0
3596174.8071,966355.7637,1,0,0,0,0
3208074.3086,865759.1604,1,0,0,0,0
3549947.412,907897.1618,1,0,0,0,0
3426856.0022,917513.4,1,0,0,0,0
3759604.2808,938163.9466,1,0,0,0,0
3810692.1877,885599.2161,1,0,0,0,0
4052611.6108,924873.0175,1,0,0,0,0
4145491.4139,929050.6923,1,0,0,0,0
3980185.9078,894057.1344,1,0,0,0,0
3944138.1659,882769.7972,1,0,0,0,0
3836347.1643,866394.3406,1,0,0,0,0
3994731.0349,880090.2948,1,0,0,0,0
4028544.1807,868057.74,1,0,0,0,0
3565161.9573,792542.824,1,0,0,0,0
3889775.3316,706361.671,1,0,0,0,0
3821227.1886,835694.634,1,0,0,0,0
4217944.5862,850607.1424,1,0,0,0,0
4185129.4605,833943.1501,1,0,0,0,0
4345850.1304,854932.0022,1,0,0,0,0
4386353.5563,862214.3159,1,0,0,0,0
4082376.3344,829624.6011,1,0,0,0,0
4112656.8386,844532.6695,1,0,0,0,0
3795389.1778,808157.2392,1,0,0,0,0
3991324.9379,828510.4688,1,0,0,0,0
3993062.7062,822288.9335,1,0,0,0,0
3637194.3959,741077.8852,1,0,0,0,0
3993956.2904,820011.1089,1,0,0,0,0
3863129.6105,751579.7636,1,0,0,0,0
4183843.5899,811668.3283,1,0,0,0,0
4146160.0109,792241.5695,1,0,0,0,0
4282758.6424,802933.0459,1,0,0,0,0
4476588.5425,803914.9185,1,0,0,0,0
4296508.4938,770758.9054,1,0,0,0,0
3905065.2173,781951.9058,1,0,0,0,0
3789588.641,714730.338,1,0,0,0,0
3538736.1746,665455.878,1,0,0,0,0
3837941.8496,682615.5851,1,0,0,0,0
3887661.2613,716014.8637,1,0,0,0,0
4174409.1002,763206.2694,1,0,0,0,0
4084730.3735,724633.3455,1,0,0,0,0
4654371.4233,772023.9466,1,0,0,0,0
4426739.1463,720480.694,1,0,0,0,0
4709073.5953,744960.7183,1,0,0,0,0
4744011.1561,743659.486,1,0,0,0,0
4416565.9503,725994.4009,1,0,0,0,0
4128082.1499,804422.2286,1,0,0,0,0
3815327.4009,737680.6943,1,0,0,0,0
3859003.3931,723347.5662,1,0,0,0,0
3540196.8855,442014.6605,0,0,1,0,0
3191664.5172,403246.2098,0,0,1,0,0
3477941.0797,453502.3597,0,0,1,0,0
3256041.4563,438266.3703,0,0,1,0,0
3543986.5352,445484.1645,0,0,1,0,0
3434195.7948,432434.9751,0,0,1,0,0
3574370.843,453053.2659,0,0,1,0,0
3558880.6232,446185.4299,0,0,1,0,0
3457725.7426,441576.7797,0,0,1,0,0
3483535.8517,455786.9061,0,0,1,0,0
3419441.5123,434506.6603,0,0,1,0,0
3549082.2995,457936.3602,0,0,1,0,0
3595411.7676,469749.6085,0,0,1,0,0
3229384.8153,429176.5161,0,0,1,0,0
3612215.2068,475897.9293,0,0,1,0,0
3515652.4708,466023.0513,0,0,1,0,0
3669759.3102,470973.7443,0,0,1,0,0
3540088.7947,459946.45,0,0,1,0,0
3637092.8331,476628.3573,0,0,1,0,0
3715738.5944,492572.9005,0,0,1,0,0
3535013.9544,484443.6008,0,0,1,0,0
3708454.3942,504606.6308,0,0,1,0,0
3556911.4898,486381.8908,0,0,1,0,0
3587276.7592,498588.5286,0,0,1,0,0
3711353.0749,496143.015,0,0,1,0,0
3483502.5681,455900.5506,0,0,1,0,0
3782028.7958,485466.6233,0,0,1,0,0
3687578.9877,473509.4902,0,0,1,0,0
3852549.9407,482609.7915,0,0,1,0,0
3721524.8138,460651.8383,0,0,1,0,0
3894415.6663,486612.6286,0,0,1,0,0
3870650.3573,482014.5633,0,0,1,0,0
3719851.8787,461995.8479,0,0,1,0,0
3863078.6613,479336.0092,0,0,1,0,0
3637056.0731,467064.464,0,0,1,0,0
3764330.6639,472257.376,0,0,1,0,0
3815996.8983,470574.11,0,0,1,0,0
3273889.2438,425334.8075,0,0,1,0,0
3788823.2969,462853.2439,0,0,1,0,0
3698604.1467,431358.4495,0,0,1,0,0
3785410.7631,461300.198,0,0,1,0,0
3668775.516,436311.5726,0,0,1,0,0
3825200.1362,446867.7969,0,0,1,0,0
3838502.1784,451705.0943,0,0,1,0,0
3727261.1906,440807.2837,0,0,1,0,0
3847171.183,450368.1072,0,0,1,0,0
3556408.6461,428210.8212,0,0,1,0,0
3794734.1028,442569.4077,0,0,1,0,0
3845395.7151,440588.2678,0,0,1,0,0
3495493.4303,389427.0396,0,0,1,0,0
3901910.4606,433756.9364,0,0,1,0,0
3877470.2839,414539.0269,0,0,1,0,0
3945485.4795,413614.2879,0,0,1,0,0
3966887.6913,398422.3161,0,0,1,0,0
4096363.7705,416507.0979,0,0,1,0,0
4147977.1529,412271.133,0,0,1,0,0
3954011.5223,407643.7906,0,0,1,0,0
4103313.8493,405969.2785,0,0,1,0,0
3696890.7025,402455.8368,0,0,1,0,0
3990367.3806,412907.223,0,0,1,0,0
4000200.0774,406105.475,0,0,1,0,0
3770586.3341,370879.6592,0,0,1,0,0
4014110.5733,412968.0207,0,0,1,0,0
3948838.2895,395673.5707,0,0,1,0,0
4245784.3515,403832.1863,0,0,1,0,0
4199866.064,394972.6274,0,0,1,0,0
4476980.7069,405153.2738,0,0,1,0,0
4477110.1681,400345.7133,0,0,1,0,0
4138301.5574,374980.0948,0,0,1,0,0
4336931.5435,386011.2808,0,0,1,0,0
3809542.8392,364349.1722,0,0,1,0,0
3932837.7832,366061.6708,0,0,1,0,0
4037202.2529,375510.3083,0,0,1,0,0
3703770.4612,341472.3321,0,0,1,0,0
3925264.1268,383108.331,0,0,1,0,0
3502211.748,360124.4994,0,0,1,0,0
3858610.254,358227.891,0,0,1,0,0
3780658.4149,338179.1794,0,0,1,0,0
3931669.5227,338159.8756,0,0,1,0,0
3895558.8723,328542.3918,0,0,1,0,0
3685327.0507,331523.0333,0,0,1,0,0
3778039.7528,340488.0898,0,0,1,0,0
3471571.8164,325383.953,0,0,1,0,0
3529778.4583,336838.4038,0,0,1,0,0
3596174.8071,340298.5271,0,0,1,0,0
3208074.3086,300491.658,0,0,1,0,0
3549947.412,333150.2263,0,0,1,0,0
3426856.0022,321970.7652,0,0,1,0,0
3759604.2808,335318.5516,0,0,1,0,0
3810692.1877,333776.7283,0,0,1,0,0
4052611.6108,342718.6419,0,0,1,0,0
4145491.4139,344045.4915,0,0,1,0,0
3980185.9078,319259.4728,0,0,1,0,0
3944138.1659,324798.5154,0,0,1,0,0
3836347.1643,313641.7632,0,0,1,0,0
3994731.0349,331421.7187,0,0,1,0,0
4028544.1807,331205.7448,0,0,1,0,0
3565161.9573,304404.1618,0,0,1,0,0
3889775.3316,347647.507,0,0,1,0,0
3821227.1886,328296.0694,0,0,1,0,0
4217944.5862,342536.9841,0,0,1,0,0
4185129.4605,337213.7003,0,0,1,0,0
4345850.1304,345512.3378,0,0,1,0,0
4386353.5563,359327.6591,0,0,1,0,0
4082376.3344,339440.6748,0,0,1,0,0
4112656.8386,349387.0147,0,0,1,0,0
3795389.1778,340614.9865,0,0,1,0,0
3991324.9379,352267.5744,0,0,1,0,0
3993062.7062,346443.1341,0,0,1,0,0
3637194.3959,314849.2363,0,0,1,0,0
3993956.2904,345268.8881,0,0,1,0,0
3863129.6105,330040.9038,0,0,1,0,0
4183843.5899,347233.105,0,0,1,0,0
4146160.0109,340376.0596,0,0,1,0,0
4282758.6424,353818.5402,0,0,1,0,0
4476588.5425,352104.1613,0,0,1,0,0
4296508.4938,343925.1659,0,0,1,0,0
3905065.2173,357851.9851,0,0,1,0,0
3789588.641,337056.6725,0,0,1,0,0
3538736.1746,347020.9495,0,0,1,0,0
3837941.8496,342479.7818,0,0,1,0,0
3887661.2613,322065.9309,0,0,1,0,0
4174409.1002,335240.9224,0,0,1,0,0
4084730.3735,319269.5915,0,0,1,0,0
4654371.4233,333597.1345,0,0,1,0,0
4426739.1463,315399.8976,0,0,1,0,0
4709073.5953,312646.0556,0,0,1,0,0
4744011.1561,331390.8932,0,0,1,0,0
4416565.9503,321563.0159,0,0,1,0,0
4128082.1499,330683.5868,0,0,1,0,0
3815327.4009,310780.8096,0,0,1,0,0
3859003.3931,325201.7771,0,0,1,0,0
3540196.8855,1944919.8742,0,0,0,1,0
3191664.5172,1756760.5258,0,0,0,1,0
3477941.0797,1885451.2988,0,0,0,1,0
3256041.4563,1833150.2857,0,0,0,1,0
3543986.5352,1966217.6289,0,0,0,1,0
3434195.7948,1911306.0083,0,0,0,1,0
3574370.843,1992592.5021,0,0,0,1,0
3558880.6232,2008571.8115,0,0,0,1,0
3457725.7426,1945944.6382,0,0,0,1,0
3483535.8517,2000204.1398,0,0,0,1,0
3419441.5123,1948003.0075,0,0,0,1,0
3549082.2995,2023821.0798,0,0,0,1,0
3595411.7676,2032204.2648,0,0,0,1,0
3229384.8153,1846162.3823,0,0,0,1,0
3612215.2068,2073525.4554,0,0,0,1,0
3515652.4708,2007368.6215,0,0,0,1,0
3669759.3102,2094557.7843,0,0,0,1,0
3540088.7947,2027324.6561,0,0,0,1,0
3637092.8331,2110780.3424,0,0,0,1,0
3715738.5944,2130209.2805,0,0,0,1,0
3535013.9544,2035770.2339,0,0,0,1,0
3708454.3942,2098446.938,0,0,0,1,0
3556911.4898,2026983.242,0,0,0,1,0
3587276.7592,2144538.5459,0,0,0,1,0
3711353.0749,2141928.4437,0,0,0,1,0
3483502.5681,2023119.6293,0,0,0,1,0
3782028.7958,2193119.21,0,0,0,1,0
3687578.9877,2094054.9497,0,0,0,1,0
3852549.9407,2223787.0167,0,0,0,1,0
3721524.8138,2141822.2136,0,0,0,1,0
3894415.6663,2237443.6515,0,0,0,1,0
3870650.3573,2222652.8485,0,0,0,1,0
3719851.8787,2136427.1306,0,0,0,1,0
3863078.6613,2240091.1951,0,0,0,1,0
3637056.0731,2119859.6454,0,0,0,1,0
3764330.6639,2195474.3576,0,0,0,1,0
3815996.8983,2215900.2394,0,0,0,1,0
3273889.2438,1999013.2967,0,0,0,1,0
3788823.2969,2194132.0553,0,0,0,1,0
3698604.1467,2169766.0245,0,0,0,1,0
3785410.7631,2235178.898,0,0,0,1,0
3668775.516,2151746.1826,0,0,0,1,0
3825200.1362,2239069.1812,0,0,0,1,0
3838502.1784,2250940.0667,0,0,0,1,0
3727261.1906,2200257.7031,0,0,0,1,0
3847171.183,2232011.9237,0,0,0,1,0
3556408.6461,2065508.7833,0,0,0,1,0
3794734.1028,2187681.8786,0,0,0,1,0
3845395.7151,2237934.7034,0,0,0,1,0
3495493.4303,2095118.4954,0,0,0,1,0
3901910.4606,2338852.0427,0,0,0,1,0
3877470.2839,2333228.2071,0,0,0,1,0
3945485.4795,2350867.6348,0,0,0,1,0
3966887.6913,2400801.5986,0,0,0,1,0
4096363.7705,2465718.7362,0,0,0,1,0
4147977.1529,2512559.7162,0,0,0,1,0
3954011.5223,2385061.6472,0,0,0,1,0
4103313.8493,2491855.0642,0,0,0,1,0
3696890.7025,2359413.7193,0,0,0,1,0
3990367.3806,2422651.6884,0,0,0,1,0
4000200.0774,2460131.3406,0,0,0,1,0
3770586.3341,2360072.9984,0,0,0,1,0
4014110.5733,2440365.4224,0,0,0,1,0
3948838.2895,2424397.1193,0,0,0,1,0
4245784.3515,2624905.7915,0,0,0,1,0
4199866.064,2625055.1052,0,0,0,1,0
4476980.7069,2825676.2937,0,0,0,1,0
4477110.1681,2835408.7958,0,0,0,1,0
4138301.5574,2585550.1891,0,0,0,1,0
4336931.5435,2742708.2894,0,0,0,1,0
3809542.8392,2358756.6023,0,0,0,1,0
3932837.7832,2453176.213,0,0,0,1,0
4037202.2529,2531540.3212,0,0,0,1,0
3703770.4612,2318310.7305,0,0,0,1,0
3925264.1268,2420996.0804,0,0,0,1,0
3502211.748,2114694.9626,0,0,0,1,0
3858610.254,2338840.1706,0,0,0,1,0
3780658.4149,2318492.142,0,0,0,1,0
3931669.5227,2447894.3466,0,0,0,1,0
3895558.8723,2437837.0799,0,0,0,1,0
3685327.0507,2253932.8402,0,0,0,1,0
3778039.7528,2295075.9927,0,0,0,1,0
3471571.8164,2073481.2011,0,0,0,1,0
3529778.4583,2102920.0992,0,0,0,1,0
3596174.8071,2148390.0699,0,0,0,1,0
3208074.3086,1915575.4731,0,0,0,1,0
3549947.412,2168624.2193,0,0,0,1,0
3426856.0022,2054049.4353,0,0,0,1,0
3759604.2808,2349842.5102,0,0,0,1,0
3810692.1877,2459798.7428,0,0,0,1,0
4052611.6108,2650124.7121,0,0,0,1,0
4145491.4139,2739016.5171,0,0,0,1,0
3980185.9078,2638063.4941,0,0,0,1,0
3944138.1659,2606388.6022,0,0,0,1,0
3836347.1643,2530579.6163,0,0,0,1,0
3994731.0349,2654057.0987,0,0,0,1,0
4028544.1807,2702505.9475,0,0,0,1,0
3565161.9573,2353589.2588,0,0,0,1,0
3889775.3316,2709280.8951,0,0,0,1,0
3821227.1886,2536333.4574,0,0,0,1,0
4217944.5862,2901156.5447,0,0,0,1,0
4185129.4605,2895145.2169,0,0,0,1,0
4345850.1304,3022541.7557,0,0,0,1,0
4386353.5563,3042124.5016,0,0,0,1,0
4082376.3344,2794751.1964,0,0,0,1,0
4112656.8386,2796816.4295,0,0,0,1,0
3795389.1778,2529765.3853,0,0,0,1,0
3991324.9379,2691048.9661,0,0,0,1,0
3993062.7062,2705023.0841,0,0,0,1,0
3637194.3959,2474030.2392,0,0,0,1,0
3993956.2904,2711716.3722,0,0,0,1,0
3863129.6105,2668665.9119,0,0,0,1,0
4183843.5899,2908748.7123,0,0,0,1,0
4146160.0109,2901327.3032,0,0,0,1,0
4282758.6424,3010809.3872,0,0,0,1,0
4476588.5425,3206325.8261,0,0,0,1,0
4296508.4938,3072055.7154,0,0,0,1,0
3905065.2173,2652602.5235,0,0,0,1,0
3789588.641,2629891.2073,0,0,0,1,0
3538736.1746,2415009.672,0,0,0,1,0
3837941.8496,2702096.6806,0,0,0,1,0
3887661.2613,2746594.3758,0,0,0,1,0
4174409.1002,2966386.1653,0,0,0,1,0
4084730.3735,2934957.3876,0,0,0,1,0
4654371.4233,3439697.6475,0,0,0,1,0
4426739.1463,3286134.8811,0,0,0,1,0
4709073.5953,3544368.995,0,0,0,1,0
4744011.1561,3560944.3681,0,0,0,1,0
4416565.9503,3264607.0317,0,0,0,1,0
4128082.1499,2883778.0906,0,0,0,1,0
3815327.4009,2662173.3698,0,0,0,1,0
3859003.3931,2702780.2275,0,0,0,1,0
3540196.8855,263495.368,0,0,0,0,1
3191664.5172,233504.3885,0,0,0,0,1
3477941.0797,254380.6826,0,0,0,0,1
3256041.4563,239112.5697,0,0,0,0,1
3543986.5352,247344.8389,0,0,0,0,1
3434195.7948,237460.6854,0,0,0,0,1
3574370.843,241655.8747,0,0,0,0,1
3558880.6232,239866.4657,0,0,0,0,1
3457725.7426,232421.3481,0,0,0,0,1
3483535.8517,237126.5741,0,0,0,0,1
3419441.5123,227522.7475,0,0,0,0,1
3549082.2995,239382.4161,0,0,0,0,1
3595411.7676,245215.112,0,0,0,0,1
3229384.8153,219207.6163,0,0,0,0,1
3612215.2068,239574.3914,0,0,0,0,1
3515652.4708,235939.4585,0,0,0,0,1
3669759.3102,245689.7106,0,0,0,0,1
3540088.7947,235722.6781,0,0,0,0,1
3637092.8331,240104.3054,0,0,0,0,1
3715738.5944,245792.2401,0,0,0,0,1
3535013.9544,233798.8848,0,0,0,0,1
3708454.3942,241543.9371,0,0,0,0,1
3556911.4898,230396.7193,0,0,0,0,1
3587276.7592,239598.9607,0,0,0,0,1
3711353.0749,237345.6141,0,0,0,0,1
3483502.5681,219300.3869,0,0,0,0,1
3782028.7958,227001.2881,0,0,0,0,1
3687578.9877,218779.9939,0,0,0,0,1
3852549.9407,232231.4008,0,0,0,0,1
3721524.8138,222454.7085,0,0,0,0,1
3894415.6663,228611.1919,0,0,0,0,1
3870650.3573,225813.134,0,0,0,0,1
3719851.8787,215117.3172,0,0,0,0,1
3863078.6613,219059.9703,0,0,0,0,1
3637056.0731,210972.9569,0,0,0,0,1
3764330.6639,214555.8474,0,0,0,0,1
3815996.8983,214871.0656,0,0,0,0,1
3273889.2438,193729.5535,0,0,0,0,1
3788823.2969,211337.3976,0,0,0,0,1
3698604.1467,203406.577,0,0,0,0,1
3785410.7631,208062.5106,0,0,0,0,1
3668775.516,197862.6806,0,0,0,0,1
3825200.1362,202551.8481,0,0,0,0,1
3838502.1784,200391.1529,0,0,0,0,1
3727261.1906,191379.9824,0,0,0,0,1
3847171.183,196293.5216,0,0,0,0,1
3556408.6461,187751.79,0,0,0,0,1
3794734.1028,193198.4353,0,0,0,0,1
3845395.7151,191083.0689,0,0,0,0,1
3495493.4303,165962.256,0,0,0,0,1
3901910.4606,179273.5193,0,0,0,0,1
3877470.2839,168447.2146,0,0,0,0,1
3945485.4795,181682.0853,0,0,0,0,1
3966887.6913,176058.5994,0,0,0,0,1
4096363.7705,181561.429,0,0,0,0,1
4147977.1529,182083.3631,0,0,0,0,1
3954011.5223,172112.2739,0,0,0,0,1
4103313.8493,175659.1519,0,0,0,0,1
3696890.7025,167395.465,0,0,0,0,1
3990367.3806,167675.3331,0,0,0,0,1
4000200.0774,163318.5963,0,0,0,0,1
3770586.3341,144338.7839,0,0,0,0,1
4014110.5733,157687.1242,0,0,0,0,1
3948838.2895,154235.8215,0,0,0,0,1
4245784.3515,158373.2511,0,0,0,0,1
4199866.064,152997.0387,0,0,0,0,1
4476980.7069,154779.8666,0,0,0,0,1
4477110.1681,153629.2577,0,0,0,0,1
4138301.5574,148080.4802,0,0,0,0,1
4336931.5435,154623.6464,0,0,0,0,1
3809542.8392,148335.1373,0,0,0,0,1
3932837.7832,152362.7572,0,0,0,0,1
4037202.2529,152143.4102,0,0,0,0,1
3703770.4612,138763.6016,0,0,0,0,1
3925264.1268,148807.0332,0,0,0,0,1
3502211.748,141777.4946,0,0,0,0,1
3858610.254,144543.1041,0,0,0,0,1
3780658.4149,138479.4137,0,0,0,0,1
3931669.5227,143287.1667,0,0,0,0,1
3895558.8723,139932.762,0,0,0,0,1
3685327.0507,138600.5214,0,0,0,0,1
3778039.7528,144287.8796,0,0,0,0,1
3471571.8164,136219.2189,0,0,0,0,1
3529778.4583,137306.7197,0,0,0,0,1
3596174.8071,137132.0304,0,0,0,0,1
3208074.3086,122620.2359,0,0,0,0,1
3549947.412,136338.418,0,0,0,0,1
3426856.0022,129400.2777,0,0,0,0,1
3759604.2808,132197.6934,0,0,0,0,1
3810692.1877,127684.0038,0,0,0,0,1
4052611.6108,130829.9369,0,0,0,0,1
4145491.4139,128942.6926,0,0,0,0,1
3980185.9078,124574.007,0,0,0,0,1
3944138.1659,125859.5956,0,0,0,0,1
3836347.1643,121402.8676,0,0,0,0,1
3994731.0349,124704.183,0,0,0,0,1
4028544.1807,122432.7848,0,0,0,0,1
3565161.9573,110781.0297,0,0,0,0,1
3889775.3316,122108.9332,0,0,0,0,1
3821227.1886,116780.4076,0,0,0,0,1
4217944.5862,119258.577,0,0,0,0,1
4185129.4605,114727.7719,0,0,0,0,1
4345850.1304,118741.0721,0,0,0,0,1
4386353.5563,118252.1563,0,0,0,0,1
4082376.3344,114413.047,0,0,0,0,1
4112656.8386,117547.1699,0,0,0,0,1
3795389.1778,112334.8529,0,0,0,0,1
3991324.9379,115288.3233,0,0,0,0,1
3993062.7062,115027.8483,0,0,0,0,1
3637194.3959,103327.9129,0,0,0,0,1
3993956.2904,112697.4068,0,0,0,0,1
3863129.6105,108649.571,0,0,0,0,1
4183843.5899,111650.236,0,0,0,0,1
4146160.0109,107646.5083,0,0,0,0,1
4282758.6424,110597.483,0,0,0,0,1
4476588.5425,109707.3707,0,0,0,0,1
4296508.4938,105241.7334,0,0,0,0,1
3905065.2173,108316.5733,0,0,0,0,1
3789588.641,104024.1371,0,0,0,0,1
3538736.1746,107007.8136,0,0,0,0,1
3837941.8496,106192.3961,0,0,0,0,1
3887661.2613,98939.474,0,0,0,0,1
4174409.1002,105303.5847,0,0,0,0,1
4084730.3735,101464.2804,0,0,0,0,1
4654371.4233,104719.0544,0,0,0,0,1
4426739.1463,100386.1993,0,0,0,0,1
4709073.5953,103516.4432,0,0,0,0,1
4744011.1561,104424.1432,0,0,0,0,1
4416565.9503,100913.1159,0,0,0,0,1
4128082.1499,105619.802,0,0,0,0,1
3815327.4009,101260.9692,0,0,0,0,1
3859003.3931,104054.2108,0,0,0,0,1
3540196.8855,4599.6114,0,1,0,0,0
3191664.5172,4352.7275,0,1,0,0,0
3477941.0797,4891.704,0,1,0,0,0
3256041.4563,4763.2185,0,1,0,0,0
3543986.5352,4877.9888,0,1,0,0,0
3434195.7948,4728.3365,0,1,0,0,0
3574370.843,4842.5747,0,1,0,0,0
3558880.6232,4698.5685,0,1,0,0,0
3457725.7426,4592.7158,0,1,0,0,0
3483535.8517,4716.0452,0,1,0,0,0
3419441.5123,4644.1054,0,1,0,0,0
3549082.2995,4688.6722,0,1,0,0,0
3595411.7676,4682.0369,0,1,0,0,0
3229384.8153,4173.3553,0,1,0,0,0
3612215.2068,4636.2345,0,1,0,0,0
3515652.4708,4369.5897,0,1,0,0,0
3669759.3102,4406.1529,0,1,0,0,0
3540088.7947,4247.0594,0,1,0,0,0
3637092.8331,4530.658,0,1,0,0,0
3715738.5944,4532.9619,0,1,0,0,0
3535013.9544,4558.3549,0,1,0,0,0
3708454.3942,4772.1856,0,1,0,0,0
3556911.4898,4599.5758,0,1,0,0,0
3587276.7592,4537.6397,0,1,0,0,0
3711353.0749,4510.5726,0,1,0,0,0
3483502.5681,4133.9385,0,1,0,0,0
3782028.7958,4593.9451,0,1,0,0,0
3687578.9877,4356.1647,0,1,0,0,0
3852549.9407,4270.9032,0,1,0,0,0
3721524.8138,4113.4891,0,1,0,0,0
3894415.6663,4435.3564,0,1,0,0,0
3870650.3573,4502.6912,0,1,0,0,0
3719851.8787,4331.9144,0,1,0,0,0
3863078.6613,4198.7387,0,1,0,0,0
3637056.0731,4030.2517,0,1,0,0,0
3764330.6639,3825.8617,0,1,0,0,0
3815996.8983,4390.204,0,1,0,0,0
3273889.2438,3723.0377,0,1,0,0,0
3788823.2969,4195.3741,0,1,0,0,0
3698604.1467,3996.1721,0,1,0,0,0
3785410.7631,4124.0716,0,1,0,0,0
3668775.516,3758.2511,0,1,0,0,0
3825200.1362,3934.1465,0,1,0,0,0
3838502.1784,3991.1482,0,1,0,0,0
3727261.1906,4083.6612,0,1,0,0,0
3847171.183,4059.8135,0,1,0,0,0
3556408.6461,3844.8189,0,1,0,0,0
3794734.1028,4318.7222,0,1,0,0,0
3845395.7151,4440.8157,0,1,0,0,0
3495493.4303,3988.8159,0,1,0,0,0
3901910.4606,4312.2948,0,1,0,0,0
3877470.2839,4238.1506,0,1,0,0,0
3945485.4795,4073.6408,0,1,0,0,0
3966887.6913,4028.1737,0,1,0,0,0
4096363.7705,4179.9222,0,1,0,0,0
4147977.1529,4194.2583,0,1,0,0,0
3954011.5223,3840.4157,0,1,0,0,0
4103313.8493,3925.4038,0,1,0,0,0
3696890.7025,3705.8118,0,1,0,0,0
3990367.3806,4041.1405,0,1,0,0,0
4000200.0774,3988.8752,0,1,0,0,0
3770586.3341,3660.0503,0,1,0,0,0
4014110.5733,4132.4018,0,1,0,0,0
3948838.2895,3960.8433,0,1,0,0,0
4245784.3515,4231.6723,0,1,0,0,0
4199866.064,3940.8988,0,1,0,0,0
4476980.7069,4154.479,0,1,0,0,0
4477110.1681,4512.7958,0,1,0,0,0
4138301.5574,4264.2235,0,1,0,0,0
4336931.5435,4412.6883,0,1,0,0,0
3809542.8392,4270.0012,0,1,0,0,0
3932837.7832,4535.3854,0,1,0,0,0
4037202.2529,4492.5086,0,1,0,0,0
3703770.4612,4223.0885,0,1,0,0,0
3925264.1268,4567.1007,0,1,0,0,0
3502211.748,4060.4786,0,1,0,0,0
3858610.254,3970.2989,0,1,0,0,0
3780658.4149,3524.39,0,1,0,0,0
3931669.5227,4022.178,0,1,0,0,0
3895558.8723,4237.296,0,1,0,0,0
3685327.0507,3828.709,0,1,0,0,0
3778039.7528,4150.79,0,1,0,0,0
3471571.8164,4019.5393,0,1,0,0,0
3529778.4583,4012.4665,0,1,0,0,0
3596174.8071,3998.416,0,1,0,0,0
3208074.3086,3627.7812,0,1,0,0,0
3549947.412,3937.3866,0,1,0,0,0
3426856.0022,3922.124,0,1,0,0,0
3759604.2808,4081.579,0,1,0,0,0
3810692.1877,3833.4967,0,1,0,0,0
4052611.6108,4065.3024,0,1,0,0,0
4145491.4139,4436.0204,0,1,0,0,0
3980185.9078,4231.7995,0,1,0,0,0
3944138.1659,4321.6555,0,1,0,0,0
3836347.1643,4328.5766,0,1,0,0,0
3994731.0349,4457.7397,0,1,0,0,0
4028544.1807,4341.9636,0,1,0,0,0
3565161.9573,3844.683,0,1,0,0,0
3889775.3316,4376.3253,0,1,0,0,0
3821227.1886,4122.6202,0,1,0,0,0
4217944.5862,4385.338,0,1,0,0,0
4185129.4605,4099.6213,0,1,0,0,0
4345850.1304,4122.9626,0,1,0,0,0
4386353.5563,4434.9234,0,1,0,0,0
4082376.3344,4146.8151,0,1,0,0,0
4112656.8386,4373.555,0,1,0,0,0
3795389.1778,4516.7139,0,1,0,0,0
3991324.9379,4209.6053,0,1,0,0,0
3993062.7062,4279.7062,0,1,0,0,0
3637194.3959,3909.1223,0,1,0,0,0
3993956.2904,4262.5144,0,1,0,0,0
3863129.6105,4193.4602,0,1,0,0,0
4183843.5899,4543.2083,0,1,0,0,0
4146160.0109,4568.5703,0,1,0,0,0
4282758.6424,4600.1861,0,1,0,0,0
4476588.5425,4536.2659,0,1,0,0,0
4296508.4938,4526.9737,0,1,0,0,0
3905065.2173,4342.2296,0,1,0,0,0
3789588.641,3886.2861,0,1,0,0,0
3538736.1746,4241.8615,0,1,0,0,0
3837941.8496,4557.406,0,1,0,0,0
3887661.2613,4046.6169,0,1,0,0,0
4174409.1002,4272.1584,0,1,0,0,0
4084730.3735,4405.7685,0,1,0,0,0
4654371.4233,4333.6403,0,1,0,0,0
4426739.1463,4337.4743,0,1,0,0,0
4709073.5953,3581.3832,0,1,0,0,0
4744011.1561,3592.2656,0,1,0,0,0
4416565.9503,3488.3859,0,1,0,0,0
4128082.1499,3578.4419,0,1,0,0,0
3815327.4009,3431.558,0,1,0,0,0
3859003.3931,3619.6115,0,1,0,0,0
